日期,观测时点,区县,路段,积水深度_cm,通行状态,持续情况_推算或原文,信息源,来源链接,备注
2026-07-16,08:00,官渡,二环东路（昆河铁路下穿段）,>50,断交,暴雨约01:00起；08:00时多数点已处置完毕，本点列入已处置,昆明信息港/昆明日报引昆水管网公司,https://www.kunming.cn/news/c/2026-07-17/14059480.shtml,重度积水6处之一
2026-07-16,08:00,官渡,前卫西路与广福路交叉口（十一家具城段）,>50→25,曾断交后可通行,约01:00起淹；08:00仍在处置、水深已降至25cm且不影响通行（至少持续约7小时）,昆明信息港/昆明日报引昆水管网公司,https://www.kunming.cn/news/c/2026-07-17/14059480.shtml,用户提到的上个月前卫西路；前卫雨量站3小时80.9mm
2026-07-16,08:00,官渡,二环东路（金马立交至大树营立交段）,>50,断交,同场暴雨；08:00基本处置完毕,昆明信息港/昆明日报引昆水管网公司,https://www.kunming.cn/news/c/2026-07-17/14059480.shtml,
2026-07-16,08:00,五华/西山一带,滇缅大道（海源中路至黄土坡立交西口段）,>50,断交,同场；08:00基本处置完毕,昆明信息港/昆明日报引昆水管网公司,https://www.kunming.cn/news/c/2026-07-17/14059480.shtml,
2026-07-16,08:00,五华,海源中路（滇缅大道至人民西路段）,>50,断交,同场；08:00基本处置完毕,昆明信息港/昆明日报引昆水管网公司,https://www.kunming.cn/news/c/2026-07-17/14059480.shtml,
2026-07-16,08:00,官渡,希望路与广福路交叉口,>50,断交,同场；08:00基本处置完毕,昆明信息港/昆明日报引昆水管网公司,https://www.kunming.cn/news/c/2026-07-17/14059480.shtml,
2026-07-16,08:00,官渡,广福路（云秀路至昌宏路段）,30–50,未断交（中度）,同场；08:00基本处置完毕,昆明信息港/昆明日报引昆水管网公司,https://www.kunming.cn/news/c/2026-07-17/14059480.shtml,中度5处之一
2026-07-16,08:00,官渡,昌宏西路林家围段,30–50,未断交（中度）,同场；08:00基本处置完毕,昆明信息港/昆明日报引昆水管网公司,https://www.kunming.cn/news/c/2026-07-17/14059480.shtml,
2026-07-16,08:00,官渡,雨龙路（米兰春天）,30–50,未断交（中度）,同场；08:00基本处置完毕,昆明信息港/昆明日报引昆水管网公司,https://www.kunming.cn/news/c/2026-07-17/14059480.shtml,
2026-07-16,08:00,西山,华昌路采莲路交叉口,30–50,未断交（中度）,同场；08:00基本处置完毕,昆明信息港/昆明日报引昆水管网公司,https://www.kunming.cn/news/c/2026-07-17/14059480.shtml,永昌片区邻近
2026-07-16,08:00,官渡,国贸路与金汁路交叉口,30–50,未断交（中度）,同场；08:00基本处置完毕,昆明信息港/昆明日报引昆水管网公司,https://www.kunming.cn/news/c/2026-07-17/14059480.shtml,8月18日再次断交
2026-07-16,08:00,主城多点,轻度积水点（共13处未逐一点名）,<30,未断交,同场；08:00基本处置完毕,昆明信息港/昆明日报引昆水管网公司,https://www.kunming.cn/news/c/2026-07-17/14059480.shtml,原文未列13处具体路名
2026-08-02~03,过程中,官渡,官渡/小板桥/矣六街道部分道路与低洼小区,未公开具体深度,局部积水,持续性暴雨；官方未给逐点水深与清退时刻,昆明日报（网易转载）,https://c.m.163.com/news/a/L3FPSGEN05346936.html,防汛Ⅳ级响应；矣六杜家营另有住户被困
2026-08-03,凌晨起,呈贡,金桂街靠环湖东路段,未公开,临时交通管制,连夜排涝；发稿时称运行平稳,昆明日报（网易转载）,https://c.m.163.com/news/a/L3FPSGEN05346936.html,深度未写
2026-08-03,凌晨起,呈贡,兴呈路小古城段,未公开,积水影响出行,同场,昆明日报（网易转载）,https://c.m.163.com/news/a/L3FPSGEN05346936.html,
2026-08-03,凌晨起,呈贡,昆玉路下穿涵洞,未公开,临时交通管制,同场,昆明日报（网易转载）,https://c.m.163.com/news/a/L3FPSGEN05346936.html,下穿类高风险
2026-08-03,过程中,经开,多条道路（未点名）,未公开,积水,同场降雨波及,昆明日报（网易转载）,https://c.m.163.com/news/a/L3FPSGEN05346936.html,
2026-08-18,09:20,官渡,贵昆路牛街庄隧道,30,断交,降雨主时段17日23时–18日6时；09:20已在断交名单；17:00仍断交（断交可见≥约8小时）,昆明本地宝汇编昆明交警,http://km.bendibao.com/news/2026818/106761.shtm,金马凉亭站24h雨量158.1mm
2026-08-18,09:20,官渡,二环东路下层南屏苑小区路段,40,断交,09:20–13:00仍断交；17:00积水消退正清淤（断交约≥4小时）,昆明本地宝汇编昆明交警,http://km.bendibao.com/news/2026818/106761.shtm,
2026-08-18,09:20,官渡,国贸路与金汁路/金汁路至官渡广场,40,断交,09:20–13:00约40cm；17:00仍约30cm断交（断交≥约8小时）,昆明本地宝汇编昆明交警,http://km.bendibao.com/news/2026818/106761.shtm,与7月16日中度点重叠
2026-08-18,09:20,官渡,彩云北路与昌宏路交叉口,30,断交,09:20–10:15在断交；11:00名单已消失（约数小时内退出断交）,昆明本地宝汇编昆明交警,http://km.bendibao.com/news/2026818/106761.shtm,
2026-08-18,09:20,官渡,民航路长润街下穿隧道,30→50,断交,09:20约30cm；11:00–17:00升至约50cm仍断交（断交≥约8小时且加深）,昆明本地宝汇编昆明交警,http://km.bendibao.com/news/2026818/106761.shtm,下穿持续恶化型
2026-08-18,09:20,官渡,东郊路菊华立交下层,30,断交,09:20–11:00在名单；13:00已退出（约数小时）,昆明本地宝汇编昆明交警,http://km.bendibao.com/news/2026818/106761.shtm,
2026-08-18,09:20,官渡,昌宏路与雨龙路交叉口,30,断交,09:20–10:15在名单；11:00退出,昆明本地宝汇编昆明交警,http://km.bendibao.com/news/2026818/106761.shtm,
2026-08-18,09:20,官渡,二环东路石虎关立交底层,40,断交,09:20–13:00仍断交；17:00北向南主道消退正清淤,昆明本地宝汇编昆明交警,http://km.bendibao.com/news/2026818/106761.shtm,
2026-08-18,09:20,官渡,彩云北路与经桥路路口辅道,30,断交,09:20–10:15在名单；11:00退出,昆明本地宝汇编昆明交警,http://km.bendibao.com/news/2026818/106761.shtm,
2026-08-18,09:20,官渡,东风东路与曙光路交叉口,40,断交,09:20–11:00断交；13:00改为缓行约20cm,昆明本地宝汇编昆明交警,http://km.bendibao.com/news/2026818/106761.shtm,
2026-08-18,10:15,官渡,二环东路下层锦都酒店路段,40,断交,10:15新增/确认；11:00仍断交；13:00缓行约20cm,昆明本地宝/澎湃引昆明交警,https://www.163.com/dy/article/L4K84UA50514R9P4.html,
2026-08-18,10:15,官渡,二环东路下层昙华寺路段,30,断交,10:15在名单；11:00辅道约20cm仍管控；13:00退出,昆明本地宝/澎湃引昆明交警,https://www.163.com/dy/article/L4K84UA50514R9P4.html,
2026-08-18,10:15,官渡,春城路日新立交转盘,50,断交,10:15约50cm；13:00约40cm仍断交；17:00名单消失（断交约≥4–7小时）,昆明本地宝/澎湃引昆明交警,https://www.163.com/dy/article/L4K84UA50514R9P4.html,当日最深之一
2026-08-18,10:15,官渡,民航路官渡广场附近,30→20,断交,10:15约30cm；13:00–17:00约20cm仍断交,昆明本地宝/澎湃引昆明交警,https://www.163.com/dy/article/L4K84UA50514R9P4.html,
2026-08-18,10:15,官渡,珥季路大澡堂段,15,缓行,10:15–13:00仍缓行；17:00名单消失,昆明本地宝汇编昆明交警,http://km.bendibao.com/news/2026818/106761.shtm,
2026-08-18,10:15,盘龙,人民东路与中营路交叉口,15,缓行,10:15–11:00缓行；13:00退出,昆明本地宝汇编昆明交警,http://km.bendibao.com/news/2026818/106761.shtm,
2026-08-18,约09:50,经开,经东路锅炉厂路段,30,断交,见早间小红书/本地宝早报名单；交警10:15官渡名单未再列,小红书整理+昆明本地宝早报段,http://km.bendibao.com/news/2026818/106761.shtm,与官渡时段名单不完全同步
2026-08-18,约09:50,经开,河岸村涵洞,30,断交,同上,小红书整理+昆明本地宝早报段,http://km.bendibao.com/news/2026818/106761.shtm,
2026-08-18,约09:50,经开,贵昆路金马村涵洞,40,断交,同上,小红书整理+昆明本地宝早报段,http://km.bendibao.com/news/2026818/106761.shtm,
2026-08-18,约09:50,经开,云大西路昆玉桥洞,30,断交,同上,小红书整理+昆明本地宝早报段,http://km.bendibao.com/news/2026818/106761.shtm,
2026-08-18,约09:50,盘龙,景润路花之城路段,30,断交,早报名单有；交警10:15主名单以官渡为主,小红书整理+昆明本地宝早报段,http://km.bendibao.com/news/2026818/106761.shtm,
2026-08-18,早间,机场方向,金瓦路、虹苏路、照青路、东三环虹桥立交、大树营二环快线,未公开,交通管制,长水机场07:17提示；建议地铁6号线或绕城绕行,澎湃新闻引机场提示,https://www.163.com/dy/article/L4K84UA50514R9P4.html,非逐点水深
